ISBN,書名,作者,出版社,出版日期,封面圖片
9789575034986,教學力：深化素養學習的關鍵,藍偉瑩,親子天下（親子教養童書）,2019-09-23,
9786269632510,語言、語文與閱讀,柯華葳-著,清大,2022-11-18,
9786263733787,數學小偵探7【金石堂、博客來熱銷】,楊嘉慧,康軒文教事業股份有限公司,2024-06-13,
9786267429846,疑難雜症旅行社（2）：魔獸牧場寄宿之旅（廣?玲子嶄新業務）,廣?玲子,黃薇嬪,小熊,
9786267429839,疑難雜症旅行社（1）：沙漠果實採摘之旅（廣?玲子嶄新業務）,廣?玲子,黃薇嬪,小熊,
9789571367330,書房的鑰匙,喜多川泰,黃毓婷,時報文化出版企業股份有限公司,
9789863847236,從謊言開始的旅程（三版）：熊本少年一個人的東京修業旅行,喜多川泰,陳颩Y,野人文化股份有限公司,
9789575707682,遇見靈熊,班．麥可森,李畹琪,台灣東方出版社股份有限公司,
9786269631285,歡迎搭乘轉運計程車,喜多川泰,王蘊潔,大樹林,
9786263557444,AI世界的底層邏輯與生存法則 (電子書),程世嘉,天下文化,2024-04-30,
9786267383483,AI職場：智慧浪潮的工作新規則【金石堂、博客來熱銷】,洪錦魁,深智數位股份有限公司,2024-03-13,
9786263057678,過曝世代：青少年為什麼更不快樂、更缺乏安全感、自我評價更低落? (電子書),陳品皓,親子天下,2024-04-02,
9789579654562,才能的真相：為什麼學霸的職涯淪入平庸，墊底的卻大放異彩？日本補習班天王用超過1300名學生的故事告訴你,坪田信貴,王榆琮,大是文化,
9786263933378,夢華老師的多元筆記策略課（2）：促進閱讀與思考 多領域88個轉化實例，適用於手寫、平板、語音、個人與小組共作！,洪夢華,五南圖書出版股份有限公司,2024-05-28,
9786263933361,夢華老師的多元筆記策略課（1）：促進閱讀與思考 多領域84個轉化實例，適用於手寫、平板、語音、個人與小組共作！,洪夢華,五南圖書出版股份有限公司,2024-05-28,
9789861737478,髒話文化史,露絲•韋津利,嚴韻,麥田,
9789864064113,親師衝突：如何溝通？達成親師生三贏,蘇明進,寶瓶文化事業股份有限公司,2024-05-13,
9789869236850,世界記憶力冠軍的高效記憶筆記：亞馬遜書店5顆星大好評的超強記憶術！培養想像力×提升創造力=激發無限競爭力,2016-01-01,Not Found,Not Found,
9789865752118,男孩與媽媽的共學筆記：放學後的翻轉教育，適性引導、自主學習與尊重互助的歷程,顏文貞,新手父母,2014-08-08,
9789864773824,比上補習班更有效率的自學讀書法：腦科學實證，司法特考一次過關菁英的自學自習讀書術,鬼頭政人,簡琪婷,商周出版,
9786267148686,國中生子彈筆記考試法：學霸校長教你只要100天，讓各科滿分的K書技巧！（暢銷紀念版）,謝龍卿,大樂文化,2023-07-17,
9789570864410,每一天，只要比昨天多用功5分鐘就好：首爾、延世大學學霸，撼動45萬韓國學子的反敗為勝讀書心法 (電子書),朴成赫,林侑毅,聯經出版公司,
9789864593606,田口護的精品咖啡大全（暢銷平裝版）,田口護,黃薇嬪,積木文化,
9789865252250,換心店（2022年新版）【金石堂、博客來熱銷】,2022-04-01,Not Found,Not Found,
9789865255015,呼叫換心店,梨屋有枝,周姚萍,小天下,
9786263057135,穿越驚奇圖書館1被封印的格林兄弟 (電子書),廣?玲子,王蘊潔,親子天下,
9786263057142,穿越驚奇圖書館2搶救天方夜譚說書人 (電子書),廣?玲子,王蘊潔,親子天下,
9789865706050,販賣夢想的男人,百田尚樹,葉韋利,春天,
9786267199473,圍棋精選題庫五：三段到六段之高階布局、實戰攻防、中盤與死活【金石堂、博客來熱銷】,聶衛平、黃希文,達觀出版事業有限公司,2023-01-01,
9789869769310,圍棋自學手冊：手筋篇【金石堂、博客來熱銷】,杜維新,達觀出版事業有限公司,2019-07-01,
9789579380430,萬有解答貓公司的故事,徐國能,步步,2019-09-04,
9789869830362,圍棋精選題庫 2：入門到初段之定式、中盤與官子,聶衛平、黃希文,達觀出版社,2020-02-01,
9786263052345,超展開實驗室︰用科學力解密電影動漫、用實驗力重現神力道具,施奇廷、許經夌、陳翰諄,親子天下（親子教養童書）,2022-05-31,
9786267199466,圍棋精選題庫6：三段到六段之中盤攻防與全局官子【金石堂、博客來熱銷】,聶衛平、黃希文,達觀出版事業有限公司,2023-02-20,
9786269655038,哈利波特之母：J.K.羅琳,管家琪,大好文化企業社,2022-10-24,
9789860688597,跟費曼一起玩科學,管家琪,大好文化企業社,2022-03-11,
9786269543304,珍古德的黑猩猩情緣,管家琪,大好文化企業社,2022-03-11,
9786263582767,10歲開始學專案管理：培養中小學生設定目標、訂定計畫、達成任務、自我管理的能力! (電子書),伊藤大輔(監修),伊之文,三采,
9789865066222,56天還你濃密頭髮,方基浩,高寶,2023-01-18,
9786267312025,史匹柏的電影情緣,管家琪,大好文化企業社,2023-04-13,
9786267312018,螞蟻先生：生物學家威爾森,管家琪,大好文化企業社,2023-05-11,
9786263496149,【醫學推理系列1】醫學之卵：進擊的少年醫學生,海堂尊,王華懋,采實文化事業股份有限公司,
9789866363917,讀書之神特訓班（上）：考試高分就靠這一本,金東奐、金彥庭,世茂,2011-02-24,
9789865071493,Not Found,Not Found,Not Found,Not Found,
9771993446007,Not Found,Not Found,Not Found,Not Found,
9789573244738,史前的人類,郝廣才、蔣杰,N/A,2001-10-01,
9789573244844,漫畫台灣歷史故事12－戰後,郝廣才,遠流出版事業股份有限公司,2001-10-05,
9789573244837,漫畫台灣歷史故事11－皇民化與戰爭,郝廣才,遠流出版事業股份有限公司,2001-10-05,
9789573244820,漫畫台灣歷史故事10－日本的殖民經濟,郝廣才,遠流出版事業股份有限公司,2001-10-05,
9789573244813,Not Found,Not Found,Not Found,Not Found,
9789573244806,漫畫台灣歷史故事8－開港通商與洋務新政,郝廣才,遠流出版事業股份有限公司,2001-10-05,
9789573244790,漫畫台灣歷史故事7－漢人社會的成型,郝廣才,遠流出版事業股份有限公司,2001-10-05,
9789573244776,漫畫台灣歷史故事5－唐山過台灣,郝廣才,遠流出版事業股份有限公司,2001-10-05,
9789573244769,鄭氏的興衰（平裝版）,郝廣才、羅永基,N/A,2001-10-05,
9789573244745,原住民的生活（平裝版）,郝廣才、蔣杰,N/A,2001-10-05,
9789573244752,海盜與紅毛的時代（平裝版）,郝廣才、蔣杰等,N/A,2001-10-05,
9789865570163,地球生病了，我們可以怎麼幫他？,2021-10-10,Not Found,Not Found,
9789865566586,書桌和文具，怎麼活用才好呢？,李高銀,林玗潔,小魯,
9789865566579,100層的火箭,麥克．史密斯 (Mike Smith),侯秋玲,小魯文化,
4717211027561,Not Found,Not Found,Not Found,Not Found,
9789862419762,巴第市系列1超級城市選拔賽：人體城市的調節中心：大腦•五官•皮膚,施賢琴、張馨文、羅國盛、徐明洸、林伯儒、蘇大成、吳明修、何子昌、陳羿貞、王莉芳、蔡宜蓉,親子天下（親子教養童書）,2014-10-30,
9789864293681,跟著孔子學論語,姜蜜,世一,2018-01-13,
4717211027578,Not Found,Not Found,Not Found,Not Found,
9789575036034,小學生晨讀10分鐘：漫畫語文故事集．訊息文本篇,曾世杰,親子天下,2020-06-01,
9789570490282,Not Found,Not Found,Not Found,Not Found,
9789570490275,Not Found,Not Found,Not Found,Not Found,
9789570490268,Not Found,Not Found,Not Found,Not Found,
9789570490251,Not Found,Not Found,Not Found,Not Found,
9789570490244,Not Found,Not Found,Not Found,Not Found,
9789570490237,Not Found,Not Found,Not Found,Not Found,
9789863209188,工作達人（1）：最逼真的現場大體驗,鈴木典丈,吳怡文,小天下,
9789579502207,跟王文華學聽說讀寫：讀不懂天師,王文華,康軒文教事業股份有限公司,2018-12-14,
9789866830686,好奇猴喬治放風箏,H.A.雷伊,劉清彥,青林國際出版股份有限公司,
9789866830709,好奇猴喬治得獎牌,H. A. 雷伊,劉清彥,青林,
9789579502702,王文華的食育童話：調味料王國,王文華,康軒,2019-12-17,
9789575036010,小學生晨讀10分鐘：漫畫語文故事集．故事文本篇,曾世杰,親子天下,2020-06-01,
9789865071516,Not Found,Not Found,Not Found,Not Found,
9789866544613,彈珠超人無敵劍,王文華,小兵出版社有限公司,2011-03-18,
9789579502795,廉政小公民4：龜兔賽跑第二回,鄭雯娟,康軒,2020-03-17,
9789861517667,小呆指的願望,蕭逸清,康軒文教事業股份有限公司,2013-04-09,
9789865664541,超級兔子,俞雪花,張琪惠,三之三,
9789865664756,超級烏龜（二版）,俞雪花,張琪惠,三之三,
9789868984202,我是解題高手 激發孩子的解決問題能力,楊俐容、呂俐安、張黛眉、黃瑞瑛 、楊雅明,N/A,2013-09-01,
9786263434318,閩南語演說好撇步（4版）,鄭安住,五南圖書出版股份有限公司,2022-10-28,
9786263438415,閩南語字音字形好撇步（4版）,鄭安住,五南圖書出版股份有限公司,2023-03-28,
9786263434417,閩南語字音字形好好學（5版）,鄭安住,五南圖書出版股份有限公司,2022-10-28,
9789576586187,我超想要那個：吉竹伸介的智慧筆記,吉竹伸介,詹慕如,三采文化股份有限公司,
9789865070212,少油．超美味，氣炸鍋料理：烤全雞、炸薯條、做甜點，氣炸鍋人氣料理100道,Menu R、D Team of Stylish Cooking,陳品芳,采實文化事業股份有限公司,
9789576583162,胡思亂想很有用：吉竹伸介的靈感筆記,吉竹伸介,詹慕如,三采文化股份有限公司,
9789863712633,芭樂媽Qistin的原型素食日常：低調味少加工、天然美味的82道家常菜、32款便當提案,芭樂媽,和平國際文化有限公司,2021-01-01,
9789865776459,日語必學基本功五十音+句型+會話(數位學習點讀版),2014-06-30,Not Found,Not Found,
9789864014668,運動營養師的兒童健身餐：每道菜熱量、蛋白質及各種營養素份量清晰，打造身強體健、頭腦聰穎的充沛生活。,浮田浩明,林美琪,瑞昇文化,
9789578787551,給孩子的限醣成長食譜：體重過重、糖尿病、無法專心、過敏與異位皮膚炎，都能透過限醣解決！,三島學、江部康二監修,何姵儀,悅知文化,
9789864431960,英、日語同步Anki自學法：我是靠此神器，最短時間通過日檢N1、多益975分,簡群,晨星,2017-01-12,
9789863986737,強大內心的自我對話習慣︰緊張下維持專注，混亂中清楚思考，身陷困難不被負面情緒拖垮，任何時刻都發揮高水準表現,伊森．克洛斯,胡宗香,天下雜誌股份有限公司,
9789865072612,讓愛自己變成好習慣：簡單卻深刻的日日練習，把自己當作一輩子的摯愛，給自己力量克服逆境，活出奇蹟人生,卡馬爾．拉維坎特,姚怡平,采實文化事業股份有限公司,
9789864492121,小學教室的日常力,賴秋江、林用正,幼獅文化事業股份有限公司,2021-02-01,
9789578325715,從遊戲中訓練口才,楊雪真,驛站文化事業有限公司,2002-09-01,
9789864492114,當課文遇上策略達人：13個推動閱讀的感動實例,柯華葳##林玫伶,幼獅文化,2021-01-05,
9789576583896,只是開玩笑，竟然變被告？：中小學生最需要的24堂法律自保課,吉靜如,三采文化股份有限公司,2020-07-17,
9789571382821,你的孩子不奇怪：改變，從理解孩子的奇怪開始,李介文,時報文化出版企業股份有限公司,2020-08-05,
9789861755786,別再說都是為我好：情緒能量╳愛的語言╳正念溝通，改變家庭能量動力，化解家人關係難題,許瑞云、陳德中,方智出版,2021-02-01,
9789579199711,氣炸鍋好好玩料理125：熱炒超美味!蒸煮、油炸、煎烤、烘焙全提案，從新手到進階，網路詢問度最高的油切人氣食譜 (電子書),徐湘珠,PCuSER電腦人文化,2019-10-31,
9789575036782,探究式閱讀︰黃國珍的閱讀進階課，從自我提問到深度思考，帶你讀出跨域素養力,黃國珍,親子天下（親子教養童書）,2020-09-18,
9789864062201,過度努力：每個「過度」，都是傷的證明【附獨家文章〈給過度努力的每一個你〉】 (電子書),周慕姿,寶瓶文化,2021-03-05,
9789865593414,幽靈貓福子（3）：召喚魔法的少年,廣?玲子,王蘊潔,小熊,
9789865356781,我的AI同學2：AI的應用領域,陳靜芬,康軒文教事業股份有限公司,2021-04-15,
9789865641139,三腳貓偵探團（全套四本不分售）,阿德蝸,小兵出版社有限公司,2015-03-20,
9789576582967,哆啦A夢數學百寶袋4：小數計算技巧【金石堂、博客來熱銷】,藤子．F．不二雄(角色原作),三采文化股份有限公司,2020-02-07,
9789576581304,名偵探柯南科學推理教室（5）：千變萬化的水,青山剛昌、Galileo工房,游韻馨,三采文化股份有限公司,
9789576580406,名偵探柯南科學推理教室（3）：磁鐵的神奇力量,青山剛昌、Galileo工房,黃薇嬪,三采文化股份有限公司,
9789576580673,名偵探柯南科學推理教室（4）：偵探必知的生活科學,青山剛昌、Galileo工房,游韻馨,三采文化股份有限公司,
9789865535292,吸墨鬼來了2：錯字飲料店（2020新版）,艾力克．尚瓦桑,孫智綺,小天下,
9789576581984,名偵探柯南科學推理教室（8）：忍者大解密,青山剛昌、Galileo工房,張東君,三采文化股份有限公司,
9789575215736,數學破案神探01怪盜羅蘋的數字謎團(中高年級讀本),金庸世,黃譯,東雨文化,
9789863422921,吳哥窟歷險記（1）【全新增訂版】,Comic com、柳己韻,鄺紹賢、徐月珠,三采文化股份有限公司,
9789863422938,吳哥窟歷險記2【全新增訂版】,Comiccom、柳己韻,三采,2015-04-30,
9789863986669,立下界限︰卸除生命中不必要的內疚感，找回平靜，成為溫柔且堅定的自己,蘇絢慧,天下雜誌股份有限公司,2021-04-27,
9789573289609,高手學習：「精英日課」人氣作家，教你學精、學廣，煉成別人拿不走的超強自學力,萬維鋼,遠流出版事業股份有限公司,2021-01-27,
9786269777594,別教出混蛋!終結霸凌、自私、厭女者：孩子犯錯怎麼教?科學大數據當你的教養神隊友 (電子書),梅琳達．溫納．莫爾 (Melinda Wenner Moyer),黃逸涵,游擊文化,
9789861757858,醫療靈媒的在地療癒生活指南：朵媽朵爸不藏私全攻略 (電子書),徐意晴（朵媽）,方智,2024-03-01,
9786263901124,ADHD新解Attention Diversity Hyperactivity Dreamer──展現注意力多樣性的行動造夢者 (電子書),曲智? (Freddy),商周出版,2024-05-07,
9789863987055,高層次閱讀與思考︰建中名師親授，克服閱讀萬字長文的障礙，快速抓到重點，學會了比補習更有效,黃春木,天下雜誌股份有限公司,2021-08-25,
9789865257477,冰山對話︰從開門到關門、從理解到支持的深度溝通,李崇義,遠見天下文化出版股份有限公司,2022-09-30,
9786263386495,我的同事很有事：改善職場關係X提升工作效率，與職場雷包共處的作戰守則。,尚妲．萊基博士,黃亭蓉,尖端出版,
9786267406625,你說的話，對孩子是心靈雞湯，還是心靈毒藥?：若你打從心裡相信「我家孩子不會變壞」，請務必閱讀本書! (電子書),出口保行,李彥樺,悅知文化,
9789864063857,誰讓青春沒有明天︰揪出孩子身邊，虎視眈眈的犯罪陷阱,戴志揚,寶瓶文化事業股份有限公司,2023-11-10,
9786263931237,女王的教室（1）--國文老師一定要告訴你的終極祕密！（4版）,陳怡嘉,五南圖書出版股份有限公司,2024-03-28,
9789865251017,家有青少年之爸媽的33個修練：你那愈來愈陌生的孩子，該怎麼溝通？【金石堂、博客來熱銷】,彭菊仙,遠見天下文化出版股份有限公司,2021-03-31,
9789866151521,東大最強驚奇讀書法：日本第一補習名師特訓班,清水章弘,雲譯工作室,智富出版社,
9786263556416,五十歲後我出去一下：不當媽媽、太太、媳婦之空巢熟女好好愛自己 (電子書),彭菊仙,天下文化,2024-02-29,
9786267328781,開竅了，學習會上癮 (電子書),李波,大是文化,2023-11-30,
9789864063963,關鍵早療︰把握自閉、亞斯、過動氣質等幼兒的黃金救援時機,王意中,寶瓶文化事業股份有限公司,2024-01-22,
9786263747340,家有中學生的解憂之書：在教養與升學之路，讓親子作家╳台大優等生一起成為青少年的陪跑員 (電子書),尚瑞君,時報出版,2024-01-26,
9786267266632,你可能學錯了,丹尼爾．威靈漢 (Daniel T. Willingham),甘鎮隴,今周刊,
9786263582972,高效原力：用愉悅心態激發生產力，做更多重要的事,阿里．阿布達爾,盧相如,三采文化股份有限公司,
9789863989493,納瓦爾寶典︰從白手起家到財務自由，矽谷傳奇創投家的投資哲學與人生智慧,艾瑞克．喬根森,謝佩妏,天下雜誌股份有限公司,
9789861344393,佛畏系統：洞察事物背後的規則，在不確定時代做出對的選擇,萬維鋼,先覺出版,2022-11-01,
9789573283126,高手思維：《羅輯思維》人氣作家，要新、要硬、要讓你「得到」最有用的知識,萬維鋼,遠流出版事業股份有限公司,2018-07-27,
9789867999498,小學語文快易通（3）,螢火蟲出版部,螢火蟲出版社,2006-07-05,
9789866813016,悅讀8寶週：快樂看世界（1）,王文華.林蕙苓.林美蘭,政大少兒,2019-09-27,
9789864520039,國小正能量閱讀中年級(各版本適用),林麗麗,螢火蟲,2015-05-18,
9789867999658,小學語文快易通（8）,螢火蟲出版部,螢火蟲出版社,2007-01-17,
9789867999313,看笑話學成語１,鄒敦怜、林麗麗,螢火蟲出版社,2005-02-18,
9789867999511,小學語文快易通(第七冊),賴慶雄,螢火蟲,2006-07-05,
9789867999702,看笑話學成語３,鄒敦怜林麗麗,螢火蟲出版社,2007-03-21,
9789868256675,快樂看中國 2,許榮哲、李儀婷、甘耀明,N/A,2007-04-01,
9789868256699,悅讀8寶週：快樂看中國（4）,王文華.甘耀明,政大少兒,2019-09-27,
9789868256613,悅讀8寶週：快樂看台灣（1）,王文華.李芙萱,政大少兒,2019-09-27,
9789866813023,悅讀8寶週：快樂看世界（2）,王文華.林蕙苓.林美蘭,政大少兒,2019-09-27,
9789867999641,小學語文快易通（6）,螢火蟲出版部,螢火蟲出版社,2007-01-17,
9789868256644,悅讀8寶週：快樂看故事（1）,王文華.許榮哲.李儀婷,政大少兒,2019-09-27,
9789868256606,悅讀8寶週：快樂看中國（1）,王文華.李崇建,政大少兒,2019-09-27,
9789866813030,悅讀8寶週：快樂看故事（2）,王文華.許榮哲.李儀婷,政大少兒,2019-09-27,
9789867999634,小學語文快易通(第四冊),賴慶雄,螢火蟲,2007-01-17,
9789868256668,悅讀8寶週：快樂看故事（4）,王文華.許榮哲.李儀婷,政大少兒,2019-09-27,
9789867999665,小學語文快易通（10）,螢火蟲出版部,螢火蟲出版社,2007-01-31,
9789867999528,小學語文快易通（9）,螢火蟲出版部,螢火蟲出版社,2006-07-05,
9789866813009,悅讀8寶週：快樂看台灣（2）,王文華.陳愫儀,政大少兒,2019-09-27,
9789868256682,快樂看中國 3,李儀婷,政大國際,2007-01-01,
9789868256651,悅讀8寶週：快樂看故事（3）,王文華.許榮哲.李儀婷,政大少兒,2019-09-27,
9786269579150,Not Found,Not Found,Not Found,Not Found,
9786269579167,Not Found,Not Found,Not Found,Not Found,
9789861917993,句型High客：我的句型遊戲書(第三版)(附贈海報),2017-11-01,Not Found,Not Found,
9789864293063,國小中年級作文：作文從會分段落進階,2017-06-26,Not Found,Not Found,
9789866076916,Make：Technology on Your Time國際中文版（12）,MAKER MEDIA,馥林文化,2014-07-02,
4712839707604,認識臺灣閱讀評量(2)臺灣的族群(第2版),陳東和,光田,2018-11-21,
4712839707598,認識臺灣閱讀評量(1)臺灣的形成(第2版),陳東和,光田,2018-11-21,
4718395007790,Not Found,Not Found,Not Found,Not Found,
4718395007783,Not Found,Not Found,Not Found,Not Found,
4718395007776,Not Found,Not Found,Not Found,Not Found,
4712839707611,認識臺灣閱讀評量(3)臺灣的現代化(第2版),陳東和,光田,2018-11-21,
9789862410554,送你一個名字,呂淑敏,崔永嬿,親子天下（親子教養童書）,
9789862410547,超級乖寶寶,碧娥翠絲?安梅,尉遲秀,親子天下（親子教養童書）,
9789862410530,蛋糕學校,荷雪．侯司法特,賈翊君,親子天下（親子教養童書）,
9789862410523,西貢小子,張友漁,親子天下（親子教養童書）,2009-09-10,
9789866582424,張曼娟成語學堂－尋獸記,張曼娟,親子天下（親子教養童書）,2008-10-15,
9789866948299,張曼娟奇幻學堂－花開了,張曼娟、孫梓評,親子天下（親子教養童書）,2006-12-06,
9789866948282,張曼娟奇幻學堂－火裡來，水裡去（附導讀CD）,張曼娟、高岱君,親子天下（親子教養童書）,2006-11-06,
9789866948275,張曼娟奇幻學堂－我家有個風火輪（附導讀CD）,張曼娟,親子天下（親子教養童書）,2006-11-06,
9789862410677,成語學堂晉級班：完美特務,張曼娟、張維中,親子天下（親子教養童書）,2009-10-08,
9789862410653,成語學堂少年班－星星壞掉了,張曼娟、孫梓評,親子天下（親子教養童書）,2009-10-08,
9789866582431,張曼娟成語學堂－我是光芒！,張曼娟,親子天下（親子教養童書）,2008-10-15,
9789866582417,張曼娟成語學堂－野蠻遊戲,張曼娟,親子天下（親子教養童書）,2008-10-15,
9789866582400,張曼娟成語學堂－爺爺泡的茶,張曼娟,親子天下（親子教養童書）,2008-10-15,
9789862410684,成語學堂中級班－胖嘟嘟,張曼娟、高培耘,親子天下（親子教養童書）,2009-10-08,
9789862410660,成語學堂高級班－山米和浪花的夏天,張曼娟、黃羿瓅,親子天下（親子教養童書）,2009-10-08,
9789867744265,小學生最想知道的100個問題,三采文化,鄺紹賢,三采文化股份有限公司,
9789864290154,輕鬆把文章變好(五年級適讀),姜蜜,世一文化事業股份有限公司,2015-06-16,
9789864290161,輕鬆把文章變長(四年級適讀),姜蜜,世一文化事業股份有限公司,2015-06-16,
9789864290185,輕鬆寫出文章(三年級適讀),姜蜜,世一文化事業股份有限公司,2015-06-16,
9789864290178,輕鬆寫出小短文(二年級適讀),姜蜜,世一文化事業股份有限公司,2015-06-16,
9789864290192,輕鬆寫出小日記(一年級適讀),姜蜜,世一文化事業股份有限公司,2015-06-16,
9789577516602,國語日報年度嚴選,林雨靜等100名小學生,財團法人國語日報社,2012-11-12,
9789577517081,國語日報年度嚴選小學生作文100：得分關鍵篇,黃湘瑜等100名小學生,財團法人國語日報社,2013-11-29,
9789577518088,國語日報年度嚴選小學生作文100：引導觀察•創意起步篇,胡碩傑等100名小學生,財團法人國語日報社,2017-12-05,
9789863847960,鯨魚少年之歌,蓋瑞．伯森,野人,2022-12-07,
9789860653953,澎湖直播 ONLINE,花格子,四也文化出版有限公司,2022-04-15,
9786269567133,學生一定要認識02 西方發明家,莊典亮,聚光文創,2022-06-06,
9789865256852,吹夢巨人（全球3億冊紀念版）,羅德．達爾,劉清彥,小天下,
9786263052239,仙人掌女孩,達斯蒂．寶林,楊佳蓉,親子天下（親子教養童書）,
9789578624924,綠色的悄悄話,陳碏,小兵出版社有限公司,2005-09-01,
9789570841725,烏龜也上網,張之路,聯經出版事業股份有限公司,2013-04-25,
9789863383475,世界少年文學必讀經典60─老人與海 (電子書),海明威 (Ernest Hemingway),台灣東方,2020-10-01,
9789860670974,學生一定要認識01 西方科學家,莊典亮,聚光文創,2022-01-26,
9786269583263,小選舉大作戰︰關於那場自治市小市長的選舉,邱靖巧,大好文化企業社,2022-10-07,
9789574905522,兒童創意思考五十問：創意，有方法可以學習嗎? (電子書),沙永傑,天衛文化,2022-05-01,
9786263580763,寫給小學生看的AI課：看故事，輕鬆搞懂AI人工智慧,蔡宗翰,三采文化股份有限公司,2023-06-02,
9786267237359,廁所幫少年偵探10：古屋夏日謎團(三版),林佑儒,小魯文化,2023-03-01,
9789570845150,逆風之島：歷史台灣浮世繪,林文義,聯經出版事業股份有限公司,2015-01-16,
9789862740262,清明上河圖尋寶記,鄭明進,青林國際出版股份有限公司,2011-07-11,
9789862122174,地球越來越熱,鄭昌勳,邱敏瑤,上人文化事業股份有限公司,
9789864556199,輕課程 Scratch（mBlock）機電整合與Arduino控制輕鬆學-使用iPOE A2積木四輪車,賴鴻州,勁園文化,2018-08-10,
9789577627087,不怕輸的才是贏家,卡特琳娜．高斯曼-漢瑟爾,上誼文化,2021-05-01,
9789868749320,學校沒教的第一堂課-學習如何學習,2013-09-05,Not Found,Not Found,
9786263050372,雙語教育︰破除考科思維的20堂雙語課,林子斌、張錦弘,親子天下（親子教養童書）,2021-07-07,
9789861364650,自學時代：找回學習的動機與主權，成為自己和孩子的最佳教練,黃夏成,如何出版,2016-08-01,
9789571180960,向大師學習寫作：圖解：我的第一本心智圖（Mind Map）作文書,高詩佳,五南圖書出版股份有限公司,2015-07-25,
9789862359839,為什麼公車一次來三班？從自然的奧妙原理到日常的不思議定律，探索生活中隱藏的81個數學謎題,2021-07-03,Not Found,Not Found,
9789865250348,致富心態︰關於財富、貪婪與幸福的20堂理財課,摩根．豪瑟,周玉文,遠見天下文化出版股份有限公司,
9789861343846,寫給忙碌父母的育兒百事：一本搞定，專家認證有效，對孩子最重要! (電子書),加藤紀子,蕭嘉惠,先覺,
9789861755267,原子習慣：細微改變帶來巨大成就的實證法則（首刷限量送「原子習慣的商業運用」手冊）,詹姆斯．克利爾,蔡世偉,方智出版,
9786263050785,線上教學力︰全球趨勢X觀念心法X課堂實作X好用工具,親子天下、葉丙成,親子天下（親子教養童書）,2021-09-01,
9789862136218,每天最重要的2小時：神經科學家教你5種有效策略，使心智有高效率表現，聰明完成當日關鍵工作,喬許．戴維斯博士（Josh Davis,Not Found,李芳齡,
9789861994864,拆解問題的技術：讓工作、學習、人生難事變簡單的30張思考圖表,趙胤丞,創意市集,2018-06-30,
9789860659306,弄懂6∼12歲孩子的內心×情緒×行為問題,陳品皓,禾禾文化,2022-03-11,
9789579095204,成長性思維學習指南：幫助孩子達成目標，打造心態致勝的實戰教室,安妮．布魯克、希瑟．韓德利,王素蓮,親子天下（親子教養童書）,
9789864770977,一本搞定K書、考試、時間管理的學習聖經,朗恩．費瑞,商周出版,2016-10-06,
9789571165493,小學生寫作文從這裡開始（2版）【金石堂、博客來熱銷】,高詩佳,五南圖書出版股份有限公司,2012-01-31,
9789571166582,朱天衣創意玩作文有聲書：享受與文字玩遊戲的快樂（附光碟）,朱天衣,五南,2012-05-26,
9786263611771,教出殺人犯Ⅰ：你以為的反省，只會讓人變得更壞,岡本茂樹,黃紘君,遠流出版事業股份有限公司,
9786263141858,防彈飲食（三版）：矽谷生物駭客抗體內發炎的震撼報告,戴夫．亞斯普雷,木馬文化事業股份有限公司,2022-06-08,
9789860232141,閱讀理解策略教學手冊,柯華葳、幸曼玲、陸怡琮、辜玉旻,教育部,2010-04-01,
9789576580109,機器人格鬥王（2）：機器人足球大賽,Podoal Friend,樊姍姍,三采文化股份有限公司,
9786267184042,15分鐘寫出爆紅千字文：拆解文章高點閱、高轉發的吸睛原理，讓寫作興趣成功變現的自我實踐專書,少女凱倫（花芸曦）,幸福文化,2022-08-10,
4719025010296,Not Found,Not Found,Not Found,Not Found,
9789575037017,心理韌性︰顛覆起跑點迷思，教出有耐挫力、熱情與目的感的孩子,陳品皓,親子天下（親子教養童書）,2020-11-27,
9789573294986,財富自由的整理鍊金術：斷捨離變身金錢魔法，打造心靈×空間×時間×財務自由人生！,整理鍊金術師小印,遠流出版事業股份有限公司,2022-03-30,
9789865253905,家庭裡的素養課︰資深名師的48堂親子課，從生活到學習，爸媽教素養的第一本書,顏安秀,遠見天下文化出版股份有限公司,2022-01-24,
9786267012598,線上教學的技術：快速上手的12堂必修課,王永福,商周出版,2021-08-21,
9786263175600,數學這樣學：國小數學感學習三年級,李源順,五南圖書出版股份有限公司,2022-04-28,
9781465480408,English Idioms,2019-03-19,Not Found,Not Found,
9781465464835,English for Everyone,Dorling Kindersley,Dk Pub,2018-01-02,
9780744027440,English for Everyone Phrasal Verbs【金石堂、博客來熱銷】,2021-03-01,Not Found,Not Found,
9789861545745,Word by Word新英語會話圖典,Steven J. Molinsky、Bill Bliss,台灣培生教育出版股份有限公司,2009-08-12,
9781465448354,English for Everyone,Not Found,2016-06-28,Not Found,
9789864541867,全新！新制多益TOEIC口說題庫解析：10回實戰模擬試題，5大題型回答技巧，詳細解題說明，讓你掌握最新出題趨勢,李旼河 Min Ha Lee、SIWON SCHOOL 語學研究所,張芳綺,國際學村,
9789860653465,20天拿下新制多益金色證書（熱銷版）,元晶瑞、鄭然澤,洪梅,華翔文創,
9786263581012,韓國媽媽最愛的韓食組合技：最道地食材搭配，煮出230+道韓風家常菜,《Super Recipe》月刊誌、鄭?,陳建安,三采文化股份有限公司,
9789576584480,道地韓國媽媽家常菜360道【暢銷25萬本珍藏版】,《Super Recipe》月刊誌,三采文化股份有限公司,2020-12-31,
9789576587436,擁抱你的內在家庭,留佩萱,三采文化股份有限公司,2022-04-01,
9789863987970,打造將才基因（暢銷新版）︰善用入職場黃金5年，掌握4大認知，躋身前30%的優勢養成法,杜書伍,天下雜誌股份有限公司,2022-08-04,
9786269567188,阿亮老師的正向教學力,莊典亮,聚光文創,2022-07-28,
9786269521159,用大腦喜歡的方式「1人學習」：運用腦科學原理x掌握五大原則，制霸考場、錄取公職、順利考取證照的速效讀書法,韓在佑,境好出版事業有限公司,2021-12-16,
9789576584701,突破演算法、分享破百萬的9大公式：為何他們的影片暴擊人心，創造話題、流量和商機？,提姆．史戴普、喬許．楊,尤采菲,三采文化股份有限公司,
9789863426165,引誘科學：在分心時代，如何抓住眾人注意力，讓世界聽你的、看你的，甚至願意掏錢買單？,班．帕爾,閻蕙群,三采文化股份有限公司,
9786263170100,數學這樣學：國小數學感學習五年級,李源順,五南圖書出版股份有限公司,2021-09-28,
9789570868975,雙語教育大未來：掌握最新趨勢與發展，讓孩子在教學實驗場中勝出！,陳超明,聯經出版事業股份有限公司,2023-05-11,
9789576584824,英語自學關鍵教練　希平方：神奇，絕對可以複製,曾知立,三采文化股份有限公司,2021-02-26,
9789576583377,繪本教養地圖 孩子需要的繪本180選【整合108課綱2020年修訂版】,海狗房東,三采文化股份有限公司,2020-05-22,
9789576581564,名偵探柯南科學推理教室（7）：食物中的科學,青山剛昌、Galileo工房,黃薇嬪,三采文化股份有限公司,
9789862254059,神棋士：圍棋高手的生存遊戲．圍棋的基本規則與如何提吃,李世?,漢湘文化事業股份有限公司,2015-01-01,
9786263189126,如何捷進寫作詞彙：語言動作篇,謝旻琪,商周出版,2023-11-04,
9786263188570,如何捷進寫作詞彙,黃淑貞,商周出版,2023-10-03,
9786263188563,如何捷進寫作詞彙：人物篇,謝旻琪,商周出版,2023-10-05,
9789864798124,快樂少年：林良爺爺的智慧存摺,林良,小天下,2019-10-04,
9789864416042,New TOEIC聽力滿貫全攻略：全方位提升英語聽力的高效訓練計畫,沈志安、LiveABC編輯群,希伯崙股份有限公司,2021-10-05,
9789571165486,小學生寫作文五十二變：挑戰52種作文寫法,高詩佳##侯紀萍,五南,2012-04-12,
9789865896560,拆解孩子的青春地雷 (電子書),王意中,寶瓶文化,2013-12-30,
9789863428930,美國記憶冠軍教你5分鐘就學會的超強記憶法：學了就忘不掉，馬上效率倍增，無往不利！,2017-10-20,Not Found,Not Found,
9789576580932,剷內臟脂肪，降5高：不限醣、不減鹽、不練肌！體檢醫師的最強內臟脂肪調養,奧田昌子,黃瓊仙,三采文化股份有限公司,
9789862623466,情感學習：百年來，經典文學如何引導孩子認識感覺、學習情緒,烏特．佛瑞維特、柏林馬克斯普朗克人類發展研究所情緒史中心,黃懷慶,貓頭鷹出版社,
9789869637664,斯巴達式 新制多益10回聽力試題解析,元晶瑞,布可屋,2018-07-04,
9789915635088,TOEIC L＆R TEST 金色證書：模擬測驗1∼3冊套書（2018全新制）,神崎正哉、Daniel Warriner,許可欣、胡宥豪、 葛窈君,眾文圖書股份有限公司,
9789575324773,NEW TOEIC TEST多益一戰990字彙,The Japan Times編輯團隊,林錦慧、劉華珍,眾文圖書股份有限公司,
9786263580930,寫給中學生看的AI課：AI生態系需要文理兼具的未來人才（增訂版）,蔡宗翰,三采文化股份有限公司,2023-06-02,
9789863428572,失控的自信：拿掉自大，你的自信才攻不可破！,萊恩•霍利得,李之年,三采文化股份有限公司,
9789863429180,跟韓國人聊不停（2）跟著水晶老師365天學韓文：地表最強一日3單韓語學習計畫，用韓國行事曆學韓文最簡單,魯水晶,三采文化股份有限公司,2017-12-29,
9789576583117,讀懂一本書：3300萬會員、22億次收聽「樊登讀書」創始人知識變能力的祕密完整公開,樊登,三采文化股份有限公司,2020-04-01,
9789869191487,ｉＢＴ、新多益口說：獨立＋整合題型，28天拿下高分（MP3）,李育菱,力得,2015-10-08,
9789707200111,全民英檢初級全真題庫（6回模擬試題+解析+QR CODE隨掃隨聽）（最新改版題型）,師德出版部,師德文教股份有限公司,2020-11-06,
9789869938266,用子彈筆記學英文字首字根字尾(附Youtor App)【金石堂、博客來熱銷】,Shirley Wu,字覺文化,2021-09-01,
4717702085148,學習如何學習(改版)：歐洲名師教你自學成功的八堂課,安德烈．吉爾丹傑羅姆．薩爾戴,商周出版,2013-11-26,
4717702122058,【限量簽名版】科學實證 人人適用：百變211終極瘦身密碼【金石堂、博客來熱銷】,宋晏仁,原水文化事業股份有限公司,2023-09-19,
9786267052907,學神：中國菁英教育現場一手觀察,姜以琳,許雅淑、李宗義,衛城出版,
9789860795127,口語英語語法聖經： 從溝通切入，大量情境例句，精準表達英語的實用文法建議,Geoffrey Leech、Jan Svartvik,賴榮鈺、丁宥榆,EZ叢書館,
9789864063659,我期待過動兒被賞識的那一天,李佳燕,寶瓶文化事業股份有限公司,2023-07-05,
9789864062331,接住墜落的青少年：我與那些受傷的孩子，及他們不安的家庭 (電子書),蔡宜芳,寶瓶文化,2021-04-09,
9786267079034,日本頂尖知識YouTuber資訊彙整術：蒐集X判讀X表達，連9歲小孩都能聽懂！,及川幸久,賴惠鈴,樂金文化,
9789576589850,清空練習：從剁手族走向極簡生活，人生更幸福的24個方法,筆子,洪于琇,三采文化股份有限公司,
9789863426936,真正強大的人，都不怕得罪人：9大工具，化解6大關係難題，從良性衝突中獲益,湘萍,三采文化股份有限公司,2023-02-03,
9789576582219,如何叫得動青春期男孩？普萊斯博士流「教練心法」，培養兒子成為成熟、獨立、負責任的大人！,亞當．普萊斯,閻蕙群,三采文化股份有限公司,
9789576587863,超高效學習：超級學霸╳跨界學習權威的35個PRO考試秘技,芭芭拉．歐克莉、歐拉夫．修威,高霈芬,三采文化股份有限公司,
9789865076313,身為媽媽，我很驕傲：點燃生活熱情的思考整理術,嚴柔拏,采實文化事業股份有限公司,2021-12-28,
9786263054967,提問力實踐指南︰掌握學習設計新思維,藍偉瑩,親子天下（親子教養童書）,2023-05-26,
9789570854633,老師，你有事嗎？,蔡詩芸,聯經出版事業股份有限公司,2020-01-21,
9789570871395,改變人生的3分鐘書寫：成功案例不斷!拿起筆開始寫，願望就能成真【精華試讀本：破除手帳執念】 (電子書),本橋平祐 (Hashimoto Heisuke,Not Found,林慧雯,
9789861756370,【1書+1日記】3分鐘未來日記：寫下的願望真的都實現了！,山田弘美、濱田真由美,龔婉如,方智出版,
9786263189614,如何捷進寫作詞彙：成語應用篇【金石堂、博客來熱銷】,馮昭翔,商周出版股份有限公司,2023-12-07,
9786263613614,教出殺人犯Ⅱ：「好孩子」與犯罪的距離,岡本茂樹,黃紘君,遠流出版事業股份有限公司,
9786263180437,讓孩子做學習的主人,丁志仁|曲智?,商周出版,2021-11-11,
9789620447372,擁抱教育新常態 ：線上教學和未來趨勢,香港翻轉教學協會,三聯書店（香港）股份有限公司,2020-11-01,
9789863985433,養出內心強大的孩子(博客來獨家版)：全球都在學的矽谷教養法，幫孩子配備未來最重要的人生實力 (電子書),艾絲特•沃西基 (Esther Wojcicki),韓絜光,天下雜誌,
9789865220556,聽，鯨在唱歌：素養導向國語文教學設計實務,許育健,五南圖書出版股份有限公司,2020-06-25,
9789863844471,作文小公主出任務：小學生最愛的闖關遊戲，過關就學會了（1-6年級必讀故事書）,樂多多,野人文化股份有限公司,2020-08-05,
9789577518750,狐狸澡堂5：守護家園大作戰！,亞平,財團法人國語日報社,2021-09-03,
9786267012154,猶太爸媽這樣教：培育孩子的6大未來能力，打造獨立思考、自主學習、善於合作的下一代,林志垠,蔡佩君,商周出版,
9786263570498,孩子成績差，請先別罵他：好習慣×好環境×好特質，幫助孩子找到最適合他的學習之道 (電子書),孫桂菲,崧燁文化,2023-02-16,
9789863844617,小學生數學我不怕！【100分必讀•Q版神攻略】 No.1學霸李小白遇上難題，多多老師神救援,樂多多,野人文化股份有限公司,2020-12-30,
9789571195186,在遊戲中創造寫作法寶,謝鴻文,五南圖書出版股份有限公司,2018-06-28,
9789861896717,寫作教練在你家,郝廣才/繪者楊虹穎,格林文化,Not Found,
9789869333986,獵書遊戲,珍妮佛．夏伯里斯．貝特曼,卓妙容,親子天下（親子教養童書）,
9789869830324,圍棋精選題庫：入門到初段之死活、手筋與布局,2019-12-01,Not Found,Not Found,
9789860656336,內在原力：9個設定，活出最好的人生版本,愛瑞克,新樂園,2021-07-28,
9789865255497,歡迎光臨心情聊天室：給少年的74個情緒解方(校園篇),楊俐容,未來出版,2022-05-06,
4710405004478,中小學生正向成長型思維129道自我對話練習 (電子書),布蘭迪•湯普森 (Brandy Thompson),蕭郁祺,采實文化,
9789574904235,聽說讀寫，有策略！（中年級）讀本、學習筆記,陳欣希,天衛文化,2017-04-15,
9789575030520,學習超載世代︰史丹佛研究團隊教你用對策略，培育健康成功的孩子,史丹佛大學「挑戰成功」專案團隊、丹妮絲．波普、莫琳．布朗、莎拉．邁爾斯,周宜芳,親子天下（親子教養童書）,
9789570859690,哈佛醫師的復原力練習書：運用正念冥想走出壓力、挫折及創傷，穩定情緒的實用指南【美國正念引導師30年經驗分享】 (電子書),蓋兒．蓋茲勒 (Gail Gazelle),王念慈,聯經出版公司,
9789571191522,廖玉蕙老師的經典文學：悲歡離合戲曲故事,廖玉蕙 總策畫洪逸柔 撰稿,五南,2017-06-01,
9786263141841,防彈斷食全書【決定版】：延緩老化、減少發炎、阻斷身體飢餓訊號，防彈咖啡創始人教你一輩子都有效的斷食法,戴夫．亞斯普雷,木馬文化事業股份有限公司,2022-06-08,
9789863844495,小學生國語文我不怕！【100分必讀．Q版神攻略】,樂多多,野人,2020-08-05,
9789865072964,ABC懶人瘦身蔬果汁：蘋果．甜菜根．紅蘿蔔，3種食材×每天一杯，快速瘦肚、高效減脂，喝出紅潤好氣色！,柳炳昱,林芳如,采實文化事業股份有限公司,
9789869603027,斜槓的50道難題：你最想知道的成為斜槓青年關鍵提問，關鍵思考與實踐方法,安納金、愛瑞克、黃常德,新樂園,2018-07-04,
9789864799978,娘子來了 上 (共3冊),希亞桑,丹陽文化有限公司,2017-11-25,
9789869906548,醫師教你輕鬆考第一：于氏讀書法,于翔宇,集夢坊,2020-10-14,
9789865536985,為何家會傷人：讓愛不再是負擔,武志紅,幸福文化,2021-10-06,
9786263051140,提問力︰啟動探究思考的關鍵,藍偉瑩,親子天下（親子教養童書）,2021-11-25,
9786263053946,成長性思維行動指南,安妮．布魯克|希瑟．韓德利,親子天下,2023-01-05,
9789864062966,羞辱創傷：最日常，卻最椎心的痛楚【附獨家文章〈當我們被羞辱創傷的幽魂困住......〉】 (電子書),周慕姿,寶瓶文化,2022-05-27,
9789574905393,自學?共好?有策略：我會籌組小說讀書會,陳欣希,天衛文化,2021-05-01,
9789865078416,給不小心又對孩子大吼大叫的你：韓國最強教養軍師的9大育兒方案，養出「好好講就會聽」的孩子,崔旼俊,賴毓棻,采實文化事業股份有限公司,
9786269599301,終於開始反抗了 (電子書),汪培珽,愛孩子愛自己,2022-05-25,
9786263050655,教出科學探究力,鄭志鵬（小P老師）,親子天下（親子教養童書）,2021-08-04,
9789865255022,成為溫美玉︰從偏鄉女孩到資深良師，30年教學心法與人生智慧溫美玉融合教學與人生體悟高峰之作,溫美玉,遠見天下文化出版股份有限公司,2022-04-14,
9789861795973,最高學習法：12個改變你如何思考、學習與記憶的核心關鍵,傑里德．庫尼．霍維斯,陳錦慧,大田出版有限公司,
9786263051256,挺身而教︰為孩子尋找優勢，讓更多機會成為可能,安卓亞．札非拉庫,謝儀霏,親子天下（親子教養童書）,
4717211023402,親子天下,親子天下,2018-08-30,Not Found,
9789571369907,豬豬愛說謊,艾倫•布雷比,黃筱茵,時報文化出版企業股份有限公司,
9789577451330,小恩的秘密花園,莎拉•史都華,格林文化事業股份有限公司,2007-05-16,
9799570334677,Not Found,Not Found,Not Found,Not Found,
9789864554751,思維風暴：兒童如何用電腦建構無限可能,西摩爾．派普特,張安昇、駱莊奇,勁園文化,
9789570856965,給力：我想教會孩子的事——林晉如的創意班級經營術,林晉如,聯經出版事業股份有限公司,2021-02-25,
9789571170428,廖玉蕙老師的經典文學：聽說書人講故事,廖玉蕙、李筱涵,五南圖書出版股份有限公司,2013-03-25,
9789864062577,學習障礙：逃不出的學習噩夢,王意中,寶瓶文化事業股份有限公司,2021-10-07,
9786263050914,家庭裡的對話練習：張輝誠的薩提爾實踐,張輝誠,親子天下（親子教養童書）,2021-09-23,
9789574905263,閱讀素養大探究：青少年閱讀養成課,林美琴,小魯文化,2021-03-01,
9789861343709,成功的反思：混亂世局中，我們必須重新學習的一堂課,邁可．桑德爾,賴盈滿,先覺出版,
9789869953290,我想交朋友,小禾心理研究所,快樂文化,2021-04-14,
9789860633986,我能管理自己,小禾心理研究所,快樂文化,2021-07-21,
9789867292155,舞旗小子信心揚起（自信）,邵正宏,飛寶國際文化股份有限公司,2005-08-01,
9789867292957,小氣財神不小氣（節儉）,趙莒玲,飛寶國際文化股份有限公司,2007-09-01,
9789867292223,小兵立大功（責任）,武維香,飛寶國際文化股份有限公司,2005-08-01,
9789868436145,孩子的第一本作文心智圖,王韻華,語樂多文化,2019-01-23,
9789867292162,頭目的手指頭（反省）,武維香,飛寶國際文化股份有限公司,2005-08-01,
9789867292230,陽光下的少年投手（正直）,姜蜜,飛寶國際文化股份有限公司,2005-08-01,
9789869191036,晴空小侍郎【十週年重量級紀念版】,哲也,天下雜誌,2015-07-02,
4717702906658,終生瘦用 211全平衡瘦身法【暢銷增訂版】,宋晏仁##梁惠雯,原水,2019-05-23,
9789577518965,許雅寧一年的雙語生活提案：不只中、英文，方法對了，學任何語言都適用！,許雅寧,財團法人國語日報社,2022-09-01,
9789576586972,食療聖經 減重版：終極瘦身,麥克．葛雷格（Michael Greger）,三采文化股份有限公司,2021-12-30,
9786269517527,傅爾曼醫師高營養密度飲食全書：有效減重、逆轉疾病、遠離失智與癌症、長壽慢老,喬爾．傅爾曼,原水,2021-10-21,
9789571195780,廖玉蕙老師的經典文學：中國大文豪故事,廖玉蕙、洪逸柔,五南,2018-03-05,
9789571191515,廖玉蕙老師的經典文學：史記故事(2版),廖玉蕙/總策畫,Not Found,五南,
9789571190976,廖玉蕙老師的經典文學：歷代筆記小說故事,廖玉蕙 總策畫##余珮婷 撰稿,五南,2017-05-03,
9789577634917,廖玉蕙老師的經典文學：宋朝詩人故事：20篇故事，配合108課綱長文閱讀、理解能力的學習指標,林芳妃,五南,2019-07-28,
9789577639288,廖玉蕙老師的經典文學––唐朝詩人故事 ：22篇故事，配合新課綱長文閱讀、理解能力的學習指標,李東霖,五南,2020-04-29,
9789577028358,我可以學得更好：學習診斷與輔導手冊（中年級版）,台灣心理學會、教育心理學組合著,心理,2005-10-20,
9789869760331,當我再次是個孩子︰波蘭兒童人權之父選集,雅努什．柯札克,林蔚昀,網路與書股份有限公司(台灣分公司),
9786263052819,學習的革命 2.0︰AI與疫情如何改變教育的未來,佐藤學,黃郁倫,親子天下（親子教養童書）,
9789865071684,下班後1小時的極速學習攻略：職場進修達人不辭職，靠「偷時間」高效學語言、修課程，10年考取10張證照,李洞宰,林侑毅,采實文化事業股份有限公司,
9789865566661,地鐵求生121（二版）,菲黎思．侯嫚,蔡美玲,小魯,
9789861343389,你的孩子是未來的孩子──AI世代育兒大思考,五十嵐悠紀,蔡昭儀,先覺出版,
9789576587146,數位過勞：睡眠專科醫師的56個休息提案，修復online／offline切換倦怠,西多昌規,呂盈璇,三采文化股份有限公司,
9789571359731,NEW IQ大革命：工作記憶才能決定你的關鍵未來,翠熙．亞洛威、羅斯．亞洛威,李芳齡,時報文化出版企業股份有限公司,
9789578290761,怎樣寫好英文作文（基礎入門篇）,吳奚真,大地出版社有限公司,2003-02-28,
9789862415863,奇想三國（3）：影不離燈照孔明,岑澎維,親子天下（親子教養童書）,2012-09-04,
9789575216436,【口袋神探二部曲】2：5號車廂的謎團,凱叔,東雨文化,2023-07-12,
9786263496101,奇怪的系列（5）：奇怪的圖書館,朴賢淑,林盈楹,采實文化事業股份有限公司,
9789575881825,不殺豬的一天,羅伯特.牛頓.派克著; 陳芝萍譯,N/A,2010-08-01,
9786267429679,5秒揭穿!全員都是大騙子1：詭異的真假之島 (電子書),田中智章,吳嘉芳,小熊出版,
9789865250560,看漫畫輕鬆學：姿勢正確有活力,野井真吾,小天下,2021-04-07,
9789579095686,蛋糕學校,荷雪．侯司法特,賈翊君,親子天下（親子教養童書）,
9789862110096,洞-小魯大獎小說(新版),路易斯．薩奇爾,小魯文化,2007-10-05,
9789579095723,超級乖寶寶,碧娥翠絲．安梅,尉遲秀,親子天下（親子教養童書）,
9786263495500,奇怪的系列（3）：奇怪的補習班,朴賢淑,林盈楹,采實文化事業股份有限公司,
9789869483759,億載金城之暗夜迷蹤（四版）,廖炳焜,四也文化出版有限公司,2020-06-10,
9789865947040,手斧男孩 2 領帶河(10萬冊紀念版),蓋瑞．伯森,奉君山,野人,
9789864502806,九歌108年童話選之早起的鳥兒有蟲吃,林哲璋,九歌出版社有限公司,2020-03-01,
9789869319232,檸檬水戰爭（3）：神祕情人節,賈桂琳．戴維斯,趙丕慧,親子天下（親子教養童書）,
9786269508327,怪俠空古力2：妖怪遊樂園,顏志豪,巴巴文化,2022-03-28,
9789861518978,數學小偵探（03）：黑心老闆的詭計,施曉蘭、楊嘉慧,康軒文教事業股份有限公司,2016-04-01,
9786269739172,墨多多謎境冒險1：黑貝街奇遇【金石堂、博客來熱銷】,雷歐幻像,銀河文化出版公司,2024-01-31,
9786269739189,墨多多謎境冒險2：隱匿的巫女面具,雷歐幻像,銀河文化,2024-02-29,
9789577518538,狐狸澡堂3：最棒的禮物,亞平,財團法人國語日報社,2020-08-05,
9786263052017,博物館偵探骨爾摩斯1：消失的皇家藍鑽,芮妮．崔莫,謝靜雯,親子天下（親子教養童書）,
9789869954211,圍棋自學手冊：死活篇,丁開明,達觀出版社,2020-12-25,
9789570853445,白鯨記（紀念梅爾維爾200歲冥誕，全新中譯本，雙面書衣典藏版）,赫曼．梅爾維爾,陳榮彬,聯經出版事業股份有限公司,
9789869537827,小王子：最值得珍藏的名家譯本（星空版）（二版）,翁端．聖-戴克思修伯里,劉俐,自由之丘,
9786263960725,心想事成雜貨店黃昏堂1 (電子書),桐谷直,詹慕如,時報出版,
9786263960732,心想事成雜貨店黃昏堂2【黃銅鳥】 (電子書),桐谷直,詹慕如,時報出版,
9786263496842,【醫學推理系列2】醫學之雛：破蛋而出的世紀大謎團 (電子書),海堂尊,王華懋,采實文化,
9786263056046,達克比與世界未解之謎1：水怪貓騎士,胡妙芬,親子天下（親子教養童書）,2023-10-27,
9789573289197,我的STEAM遊戲書：科技動手讀,愛麗絲．詹姆斯、湯姆．曼布雷,江坤山,遠流出版事業股份有限公司,
9789865730918,戰爭來的那一天,幸佳慧,尼古拉•戴維斯（ Nicola Davies ）,2018-05-10,
9789574401871,Not Found,Not Found,Not Found,Not Found,
9789860553529,Not Found,Not Found,Not Found,Not Found,
9789574401888,Not Found,Not Found,Not Found,Not Found,
9789574401864,Not Found,Not Found,Not Found,Not Found,
9789574401895,Not Found,Not Found,Not Found,Not Found,
9789867926395,動物大探奇（三冊）,戴維.伯爾尼(David Burnie),閣林國際圖書,2003-11-01,
9789864799350,10歲開始學政治,艾力克斯．弗斯、蘿茜．霍爾、路易．史都威爾,賴雅靜,小天下,
9789579077422,我們一起玩好嗎？,Josef Lee|海狗房東,小光點,2019-01-08,
9555717700671,Not Found,Not Found,Not Found,Not Found,
9780545840798,Watermelon Seed,Murguia,Not Found,Scholastic,
9780192757784,Not Found,Not Found,Not Found,Not Found,
9780192739858,Not Found,Not Found,Not Found,Not Found,
9555717700688,Not Found,Not Found,Not Found,Not Found,
9789869517751,築地市場：從圖看魚市場的一天,森永洋,賴庭筠,步步,
9780698115637,Today Is Monday,POLACCO,Not Found,N/A,
9789577623751,袋鼠也有媽媽嗎?(英中雙語),艾瑞.卡爾,N/A,繁體書,
9780590423892,Henny Penny,H. Werner Zimmermann,1996-06-18,Not Found,
9789867338624,Not Found,Not Found,Not Found,Not Found,
9780395557013,Five Little Monkeys Jumping on the Bed,Christelow,Not Found,N/A,
9780805087970,Brown Bear,Not Found,Not Found,Martin,
9780316236539,Go away,Not Found,EMBERLEY,Not Found,
9789810992392,【麥克兒童外文】Piranhas Don’t Eat Bananas（平裝書＋CD）,Aaron Blabey,2015-12-15,Not Found,
9780859539449,What's the Time,Not Found,Kubler,Not Found,
9789864775491,從遊戲中學編碼：專為幼兒設計的第一本Coding學前教育書,王啟仲(超級奶爸WCC),商周出版,2018-11-08,
9781846432842,Cook It!,Birkett,Not Found,Childs Play Intl Ltd,
9789575883300,當風吹來的時侯,雷蒙布力格,漢聲雜誌,英文漢聲出版股份有限公司,
9789576321467,Not Found,Not Found,Not Found,Not Found,
9789865076627,願望年糕屋（1）：說好話的甜言蜜語糕,金梩里,劉小妮,采實文化事業股份有限公司,
9786263495876,我們為什麼要閱讀？：在資訊爆炸的年代，你更要知道自己在讀什麼？怎麼讀？為何而讀？,荒木博行,姜柏如,采實文化事業股份有限公司,
9789863429784,名偵探柯南科學推理教室（1）：隱藏的破案科學,青山剛昌、Galileo工房,黃薇嬪,三采文化股份有限公司,
9789863429951,名偵探柯南科學推理教室（2）：看透真相的透鏡,青山剛昌、Galileo工房,游韻馨,三采文化股份有限公司,
9789576585807,名偵探柯南提高數感力：國小必學經典題型157,青山剛昌、藤丸卓哉,游韻馨,三采文化股份有限公司,
9789576581854,機器人格鬥王（5）：機器人舞蹈大賽,Podoal Friend,熊懿樺,三采文化股份有限公司,
9789576582349,機器人格鬥王（6）：人形機器人,Podoal Friend,許葳,三采文化股份有限公司,
9786263053090,奇想聊齋1：狸貓學仙術,劉思源,親子天下,2022-10-05,
9786263581401,哈佛媽媽的聰明3C教養法：3C如何影響0~25歲成長荷爾蒙?六週聰明科技習慣養成計畫 (電子書),席米•康 (Shimi K.Kang),邱佳皇,三采,
9789864064014,現在的青少年很難教吧?：以理解尊重支持取代嘮叨控制，資深校園心理師給父母、老師的實戰書 (電子書),林維信,寶瓶文化,2024-03-04,
9786263057074,CEO思維的班級經營術︰小壁虎老師讓家長、學生都心服的人才養成心法,蔡孟耘(小壁虎老師),親子天下（親子教養童書）,2024-02-27,
9786267123829,爸媽不用逼的高效讀書法：哈佛、史丹佛、耶魯大學實證，不用刻意努力也能提高成績。,菊池洋匡,賴詩韻,大是文化,
9786267208823,心流讀書學習術【哈佛媽媽成功驗證、40萬親師推崇追蹤、千位頂級專家確認】：爸媽不操心，孩子自主又自律，坐不住、沉迷3C、不愛念書都有解 (電子書),房鐘? (???),Loui,小宇宙文化,
9789865073527,小學生快速提升閱讀素養課,崔勝弼,林侑毅,采實文化事業股份有限公司,
9786269632787,上流教養： 當紐約豪門家教遇上第五大道的佛洛伊德,布萊絲．葛羅斯伯格,謝靜雯,潮浪文化,
9789865228439,數學這樣學：國小數學感學習四年級,李源順,五南圖書出版股份有限公司,2021-07-28,
9789575039660,養心1：消失的生死玦,陳郁如,親子天下（親子教養童書）,2021-03-30,
9789865988494,修煉（III）：穿越神異界,陳郁如 封面設計：蔡兆倫,小兵出版社有限公司,2013-05-20,
9789861208343,愛的教育：中文世界最權威完整譯本,愛德蒙多•得•亞米契斯,王干卿,木馬文化事業股份有限公司,
9786263051539,最有梗的人體教室：針筒兄弟與他們的器官小夥伴,上谷夫婦,李沛栩,親子天下（親子教養童書）,
9789865513634,文具精靈國4：我要追夢哪裡傻!,郭恆祺,小魯文化,2020-12-01,
9786267174029,妖怪托顧所5：公主招親試煉,廣?玲子,步步出版,2022-08-10,
9786267174036,妖怪托顧所６：妖貓公主出擊,廣?玲子／作Minoru／繪,林宜和,步步,
9789577639363,中小學生的網路SNS,?塚美帆、審定者高橋曉子、北川雄一,沈郁馨,五南圖書出版股份有限公司,
9789864797349,大哥哥，你等我長大(下),寧守臣,御粽子工作室,2015-10-08,
9789864176472,神奇樹屋（11）：非洲草原逃生記,瑪麗．波．奧斯本,周思芸,小天下,
9786269603893,妖怪托顧所4：半妖之子,廣?玲子,步步出版,2022-06-01,
9789577516152,林海音奶奶80個伊索寓言,林海音,財團法人國語日報社,2011-09-10,
9786269566211,妖怪托顧所（1）：妖怪托顧所開張了,廣?玲子,步步,2022-04-20,
9786269566228,妖怪托顧所（2）：說謊少女,廣?玲子,步步,2022-04-20,
9786269603886,妖怪托顧所（3）：妖怪們的春夏秋冬,廣?玲子／作Minoru／繪,林宜和,步步,
9789862113707,守護寶地大作戰,周姚萍,小魯文化,2013-06-01,
9789575034696,少年廚俠4：除魔大神仙,鄭宗弦,親子天下（親子教養童書）,2019-08-29,
9789869443357,丁小飛校園日記（4）：聰明眼鏡（附3D紅藍眼鏡）,郭?婷,親子天下（親子教養童書）,2017-03-07,
9789869443364,丁小飛校園日記（3）：副班長爭奪戰,郭?婷,親子天下（親子教養童書）,2017-03-07,
9789866097928,3小時讀通幾何,岡部恆治、本丸諒,雲譯翻譯工作室,世茂,
9789862117002,童話莊子（二版）,哲也,小魯,2017-05-01,
9789570856620,改變世界的非凡人物：曼德拉,伊莎貝爾．湯瑪斯,陳凰姬,聯經出版事業股份有限公司,
9789864176250,神奇樹屋（9）：與海豚共舞,瑪麗．波．奧斯本,周思芸,小天下,
9789864178513,神奇樹屋（20）：搶救無尾熊,瑪麗•波•奧斯本,汪芸,小天下,
9786263051973,達克比辦案11：荒漠救命蛙,胡妙芬,親子天下（親子教養童書）,2022-03-31,
9789865078782,操場底下的100層樓學校（2）：拯救被冰封的男孩,崔銀玉,賴毓棻,采實文化事業股份有限公司,
9789575215514,昆蟲特戰隊(1)衝出蟲圍,凱叔,東雨文化,2022-07-11,
9786267174241,妖怪托顧所10,廣?玲子,步步出版,2022-12-21,
9789864799039,神奇酷科學18：奇妙的消化工廠（2020新版）,尼克．阿諾,陳偉民,小天下,
9789864178858,神奇樹屋（21）：戰地裡的天使,瑪麗•波•奧斯本,汪芸,小天下,
9786263055568,奇想三十六計3：金蟬脫殼逆轉勝,岑澎維,親子天下（親子教養童書）,2023-09-28,
9786263050808,超能少年1：超能研究社,陳榕笙,親子天下（親子教養童書）,2021-09-30,
9789573340935,淘氣故事集【歡樂加倍合訂版】：頑皮故事集＋淘氣故事集，侯文詠兩大經典首度合訂，雙倍純真回歸！,侯文詠,皇冠文化出版有限公司,2023-12-11,
9786263052482,山羊、老鷹，還有我的帕加尼,李崇建、甘耀明,親子天下（親子教養童書）,2022-07-28,
9789864895052,有沒有讓腦袋變聰明的藥？,池谷裕二,漫遊者文化,2021-09-13,
9789865947071,手斧男孩 4 鹿精靈(10萬冊紀念版),蓋瑞．伯森,奉君山,野人,
9789864797271,神奇樹屋（30）：幽靈城堡的寶藏,瑪麗．波．奧斯本,汪芸,小天下,
9789575036980,達克比辦案9：冰原迷你象,胡妙芬,親子天下,2020-11-30,
9789861519739,數學小偵探（4）：帽子村的嘉年華會,楊嘉慧,康軒文教事業股份有限公司,2018-01-19,
9789863714668,漫畫知識王：三國圖鑑【跟著可愛角色一起暢遊三國時代!】,小松事務所,許郁文,和平國際,
9786263053519,怪奇漢方桃印2：要不要來一份相親相愛香？,廣?玲子,王蘊潔,親子天下（親子教養童書）,
9786267174142,妖怪托顧所8：女妖的報復,廣?玲子,步步出版,2022-10-19,
9786267174135,妖怪托顧所7：妖怪奉行所大騷動,廣?玲子,步步出版,2022-10-19,
9789865257583,安心國小5：時間，等等我,岑澎維,小天下,2022-10-07,
9789575034467,可能小學的藝術國寶任務（3）：穿越夜宴謎城,王文華,親子天下（親子教養童書）,2019-06-27,
9789576584978,超獵奇！人體動物圖鑑? 鯊魚的下巴會往前飛出,川崎悟司,三采文化股份有限公司,2021-04-09,
9789862112267,單手女孩向前跑,周姚萍,小魯,2011-05-01,
9789575703097,螞蟻雄兵的路標,法布爾,張玲玲,台灣東方出版社股份有限公司,
9789575702830,蠍子的決鬥,法布爾,張玲玲,台灣東方出版社股份有限公司,
9789575702816,大自然的小刺客–狩獵蜂,法布爾,洪耿國,台灣東方出版社股份有限公司,
9786263054042,君偉的機智生活,王淑芬,親子天下（親子教養童書）,2023-03-06,
9789863380665,一個阿富汗女孩的故事之帕瓦娜的旅程,黛伯拉．艾里斯,鄒嘉容,台灣東方出版社股份有限公司,
9789575036737,天地方程式2︰巫覡的考驗,富安陽子,王蘊潔,親子天下（親子教養童書）,
9789860670943,鈔能戰士 數字13的秘密,嚴淑女,聚光文創,2021-11-15,
9789869191043,明星節度使【十週年重量級紀念版】,哲也,天下雜誌,2015-07-02,
9789576582103,艾利克與小怪獸（2）：拯救餐廳大作戰,亥梅．克彭斯,李家蘭,三采文化股份有限公司,
9789575030360,Not Found,Not Found,Not Found,Not Found,
9789865256845,小比利和迷針族（全球3億冊紀念版）,羅德．達爾,劉清彥,小天下,
9789864790159,瑪蒂達（羅德達爾百年誕辰紀念版）,羅德．達爾,張子樟,小天下,
9786263051058,天地方程式3：封印黃泉神(完結篇),富安陽子,王蘊潔,親子天下（親子教養童書）,
9789864797547,穿越故宮大冒險3：天靈地靈毛公鼎,鄭宗弦,小天下,2019-06-10,
9789869743457,超魅力壽司男,鄭宗弦,小兵出版社有限公司,2020-01-20,
9789577516299,草上飛科學世界探險：為什麼薯條這麼迷人？,張文亮,財團法人國語日報社,2012-02-24,
9789575037369,三個問號偵探團4：鯊魚島,波里斯．菲佛,洪清怡,親子天下（親子教養童書）,
9789575035518,最有梗的理科教室：燒杯君與他的理科小夥伴,學研PLUS,黃郁婷,親子天下（親子教養童書）,
9789577516527,草上飛科學世界探險：誰能在馬桶上拉小提琴？,張文亮,財團法人國語日報社,2012-10-09,
9789575034443,可能小學的藝術國寶任務1：代號：毛公行動,王文華,親子天下,2019-06-27,
9789575034450,可能小學的藝術國寶任務2：決戰蘭亭密碼,王文華,親子天下,2019-06-27,
9789577516244,有趣的中國文字,陳正治,財團法人國語日報社,2012-01-20,
9789576582752,葛莉塔的呼籲：了解氣候變遷的科學、知識，採取正確行動！,瓦倫蒂娜．吉亞尼拉,盧心權,三采文化股份有限公司,
9789865535476,安心國小1：我們是同一掛的,岑澎維,小天下,2020-09-07,
9789576582745,葛莉塔的故事：一個人也能改變世界,瓦倫提娜．卡美利尼,吳愉萱,三采文化股份有限公司,
9789869844741,從漫畫裡跳出來的男孩,管家琪,大好文化企業社,2020-08-27,
9789865077136,願望年糕屋（3）：讓時間倒轉的糖餅,金梩里,劉小妮,采實文化事業股份有限公司,
9786263262683,數學小偵探6：搶救受困的學生,楊嘉慧,康軒文教事業股份有限公司,2022-03-18,
4718373540318,西遊記（典藏版）【金石堂、博客來熱銷】,莊典亮,聚光文創,2022-02-18,
9789862412022,晨讀10分鐘：嘆為觀止！科學故事集6,栗田佳織,張東君,親子天下（親子教養童書）,
9789862136966,銀之匙,中勘助,林皎碧,大塊文化出版股份有限公司,
9786263490611,科學小偵探（2）：勇闖科學樂園,趙仁河,林盈楹,采實文化事業股份有限公司,
9786263580770,原來法律也管這些（1）：青少年必備的法律防身術,吉靜如,三采文化股份有限公司,2023-06-30,
9789573280293,壞學姊,張友漁,遠流出版事業股份有限公司,2017-06-29,
9789863714866,GARAM 好神奇的算術拼圖：超直觀運算邏輯遊戲，激盪、啟發你的腦力！,拉美西斯.布恩科.沙弗,陳慧萍,和平國際文化有限公司,
9789575035402,少年廚俠5：陰謀與真相,鄭宗弦,親子天下,2020-03-02,
9786263053892,博物館偵探骨爾摩斯3： 深夜的鬧鬼名畫,芮妮•崔莫,親子天下,2023-01-13,
9786263052048,博物館偵探骨爾摩斯2：沼澤妖怪的傳說,芮妮．崔莫,謝靜雯,親子天下（親子教養童書）,
9789573338017,聖誕小豬：《哈利波特》作者J.K. 羅琳最新作品！只要還存有一絲希望，沒有東西會永遠喪失。因為愛，讓我們永存不朽！,J.K. 羅琳,謝靜雯,皇冠文化出版有限公司,
9789864799930,看漫畫輕鬆學：網路使用的規則,遠藤美季,原木櫻,小天下,
9789577516176,大家說孔子,岑澎維,財團法人國語日報社,2011-09-10,
9789577517746,成語小劇場：尋找保麗龍【小學生必知】,岑澎維,財團法人國語日報社,2016-05-10,
9789570839807,幽默西遊之六：無臂羅漢拍腳掌,周銳,聯經出版事業股份有限公司,2012-04-18,
9789865251819,烏龍公寓怪房客,賴曉珍,小天下,2021-05-25,
9789577517395,時光小學：爸爸，不住在我家,王文華,財團法人國語日報社,2014-10-09,
9786263051225,神話實驗室2：天啊，這樣也算是英雄？,王文華,親子天下（親子教養童書）,2021-11-30,
9789573336921,哈利波特(5)鳳凰會的密令【繁體中文版20週年紀念】,J.K.羅琳,吳俊宏、李佳姍、林靜華、莊靜君、彭倩文、羅源祥,皇冠文化出版有限公司,
9789864794638,神奇樹屋小百科10：古羅馬與龐貝城（新版）,瑪麗．波．奧斯本|娜塔莉．波．博以斯,小天下,2018-08-22,
9789864502011,台灣炒飯王：少年總鋪師2（增訂新版）,鄭宗弦,九歌出版社有限公司,2018-06-28,
9789864794652,神奇樹屋小百科12：鐵達尼號（新版）,瑪麗．波．奧斯本|威爾．奧斯本,小天下,2018-08-22,
9789575036669,李崇建X甘耀明故事想想2：藍眼叔叔,李崇建．甘耀明,親子天下（親子教養童書）,2022-11-30,
9789575035525,最有梗的單位教室：公尺君與他的單位小夥伴,上谷夫婦,李沛栩,親子天下（親子教養童書）,
9786263052581,快閃貓生活謎語童話2：滾滾豬大富翁,顏志豪,親子天下（親子教養童書）,2022-06-30,
9789575036225,泡泡精靈1：尋找魔力星星果,嚴淑女,親子天下（親子教養童書）,2020-06-30,
9786263054455,字的傳奇5：騎神馬闖天關,林世仁,親子天下（親子教養童書）,2023-03-30,
9786263612693,哆啦A夢學習大進擊1：學習方法通用機,藤子．F．不二雄,黃薇嬪,遠流出版事業股份有限公司,
9789864791170,少年讀西遊記2：從風到火的考驗,張嘉驊,小天下,2020-09-28,
9789578208506,18個童話小魔怪,風車圖書出版有限公司,繁體書,Not Found,
9789865074029,妖怪出租（4）：妖怪之所以成為妖怪,廣?玲子,緋華璃,采實文化事業股份有限公司,
9789577515872,風吹來的瑪麗．包萍,P. L. 崔弗絲,吳宜潔,財團法人國語日報社,
9789864794577,神奇樹屋小百科（15）：達文西,瑪麗．波．奧斯本、娜塔莉．波．博以斯,劉藍玉,小天下,
9789864794553,神奇樹屋小百科17：企鵝與南極,瑪麗．波．奧斯本 (Mary Pope Osborne,Not Found,劉藍玉,
9789865076795,邏輯偵探小揭：七大不可思議謎團-注音版,藤田遼,采實文化,2022-02-10,
9789866544743,用輪椅飛舞的女孩,王洛夫、賴玉敏,小兵出版社有限公司,2011-08-30,
9789576582943,名偵探柯南科學推理教室（10）：救命的防災知識,青山剛昌,游韻馨,三采文化股份有限公司,
9789573287469,屁屁偵探讀本番外篇：咖哩香料事件,Troll,張東君,遠流出版事業股份有限公司,
9789573288701,屁屁偵探讀本（9?）：幸運貓落到誰手上！【限量版】,Troll,張東君,遠流出版事業股份有限公司,
9789573280316,屁屁偵探讀本：紫衣夫人的暗號事件,Troll,張東君,遠流出版事業股份有限公司,
9789867158321,十二聲笑,哲也,親子天下（親子教養童書）,2005-12-28,
9786263052291,機器人宅急便1：什麼都可以寄,郭?婷,親子天下（親子教養童書）,2022-06-30,
9789865546274,我的AI同學1︰AI的發展史,陳靜芬,康軒文教事業股份有限公司,2021-03-19,
9789570851878,台灣歷史故事（1）（二版）,王淑芬,聯經出版事業股份有限公司,2018-09-28,
9789575214197,翻轉作文力：諺語好好玩,東雨文化編輯部,東雨文化,2020-10-22,
9789869549165,火龍家庭故事集（新版）,哲也,親子天下（親子教養童書）,2018-01-04,
9786269508310,怪俠空古力1：起笑洋芋片,顏志豪,巴巴文化,2022-02-24,
9789863846444,年糕奶奶@便便變????(2)：網紅排行榜的祕密,姜孝美,金鵡妍,野人文化股份有限公司,
9789570838565,幽默西遊（3）：螢光金甲蒙面人,周銳,聯經出版事業股份有限公司,2011-08-26,
9789575216108,到底買？不買？教你如何決定！：小學生的聰明消費學,權才媛,黃譯,東雨文化,
9789570853476,台灣歷史故事2：披荊斬棘的時代（二版）,張淑美,聯經出版事業股份有限公司,2019-07-17,
9789579250566,故事中的科學：寓言中的科學,小牛頓編輯團隊,小牛頓科學教育有限公司,2019-07-01,
9789579250504,故事中的科學：童話中的科學（2）,小牛頓編輯團隊,小牛頓科學教育有限公司,2019-07-01,
9789570851571,台灣歷史故事（4）（二版）,洪志明,聯經出版事業股份有限公司,2018-08-09,
9789570852028,台灣歷史故事（5）（二版）,周姚萍,聯經出版事業股份有限公司,2018-10-31,
9789570851564,台灣歷史故事（3）（二版）,鄒敦怜,聯經出版事業股份有限公司,2018-08-09,
9786263055926,神奇柑仔店系列：歡迎光臨錢天堂 神奇柑仔店大圖鑑,廣?玲子,王蘊潔,親子天下（親子教養童書）,
9786263056039,怪獸與貝瑟妮,傑克．梅吉特－菲利普斯,親子天下,2023-11-30,
9789869685498,圍棋自學手冊：定式篇,丁開明,達觀出版社,2019-04-30,
9786263581128,Not Found,Not Found,Not Found,Not Found,
9786263178809,拜託！可以不要念書嗎? ：15個超強自主學習技巧+漫畫圖解，家長老師學生都嗨翻！,齋藤孝,沈郁馨,五南圖書出版股份有限公司,
9786263054189,鏡道（仙靈傳奇6－完結篇）,陳郁如,親子天下,2023-03-30,
9789864794720,神奇樹屋小百科（3）：木乃伊與金字塔,瑪麗．波．奧斯本、威爾．奧斯本,黃佩俐,小天下,
9786263612686,哆啦A夢學習大進擊3：自由研究創意盒,藤子．F．不二雄,游韻馨,遠流出版事業股份有限公司,
9789575030674,達克比辦案（6）：暴龍遇到雞,胡妙芬,親子天下（親子教養童書）,2018-12-04,
9789864790081,飛天巨桃歷險記（羅德達爾百年誕辰紀念版）,羅德．達爾,劉清彥,小天下,
9789864799947,冷情救贖 上 (共3冊),田心,丹陽文化有限公司,2017-12-26,
9789575216207,【口袋神探二部曲】1：第三個嫌疑人,凱叔,東雨文化,2023-05-11,
9789861344645,佐賀的超級阿嬤【暢銷1000萬本.全彩插畫珍藏版】 (電子書),島田洋七,陳寶蓮,先覺,
9789575035570,陶妖（仙靈傳奇4）,陳郁如,親子天下,2020-03-31,
9789575030124,逃難者,艾倫．葛拉茲,郭恩惠,親子天下（親子教養童書）,
9786263581111,Not Found,Not Found,Not Found,Not Found,
9789579095464,少年廚俠（1）：兩王的心結,鄭宗弦,親子天下（親子教養童書）,2018-03-05,
9789575036843,遊戲現在開始,丹尼斯．馬基爾,卓妙容,親子天下（親子教養童書）,
9789576581526,未來是這樣嗎？不一定喔！,吉竹伸介,許婷婷,三采文化股份有限公司,
9789576585203,如果的世界,吉竹伸介,許婷婷,三采文化股份有限公司,
9789869451772,3C眼有救了：眼科權威陳瑩山的護眼處方,陳瑩山,原水,2017-08-10,
9789575216009,K博士的怪奇解剖教室（共二冊）,亞當.凱-著,向慕華,東雨文化,
9789579250498,故事中的科學：童話中的科學1,小牛頓編輯團隊,小牛頓科學教育有限公司,2019-07-01,
9789862117682,我親愛的至聖先師：南子與孔子的青春物語（二版）,哲也,小魯,2018-02-01,
9789575033606,畫仙（仙靈傳奇3）,陳郁如,親子天下,2019-03-28,
9789862119624,代號：小魷魚（二版）,林滿秋,小魯文化,2019-11-01,
9786267000830,原來古人這麼機智：閱讀經典《智囊》故事，建立自主思辨力,謝武彰,小麥田,2022-12-03,
9789869810890,阿亮老師趣說臺灣歷史　清領時期,莊典亮,聚光文創,2021-05-14,
9789860670998,鈔能戰士 跳舞的巨人,嚴淑女,聚光文創,2022-01-26,
9789579680509,點子老師,宮川比呂,嶺月,健行,
9789864179916,神奇樹屋（28）：逃出大海嘯,瑪麗•波•奧斯本,汪芸,小天下,
9789864179886,神奇樹屋（25）：莎士比亞的舞台,瑪麗•波•奧斯本,汪芸,小天下,
9789862161173,神奇樹屋（34）：飛毯奇遇記,瑪麗•波•奧斯本,汪芸,小天下,
9789862741030,人氣王的願望,森　繪都,李凱特,青林國際出版股份有限公司,
9789575708269,魔女的決心,中島和子,林文茜,台灣東方出版社股份有限公司,
9789575707989,貓計程車司機－故事摩天輪,南部和也/著,鄭淑華,台灣東方,
9789865252755,安心國小4：抱怨靠邊站【金石堂、博客來熱銷】,2021-09-17,Not Found,Not Found,
9789865535483,安心國小2：冰紅茶霸凌事件,岑澎維,小天下,2020-09-07,
9789863381136,最棒的調味料,龜岡亞希子,邱瓊慧,台灣東方出版社股份有限公司,
9789866601262,露露和菈菈（4）：雲朵棉花糖的魔力（新版）,安晝安子,蕘合,東雨文化,
9789575709396,送你一顆蘋果,三枝寬子,張桂娥,台灣東方,
9789869532310,露露菈菈的阿囉哈鬆餅,安晝安子,蕘合,東雨文化,
9789865941147,壓歲錢咕嚕咕嚕滾了,王文華,小螢火蟲,2012-07-30,
9789865941048,阿里胖光,王文華,小螢火蟲,2012-07-30,
9789865941079,王大嘴有對長耳朵,王文華,小螢火蟲,2012-06-01,
9789865941055,天大地大的大祕密,王文華,小螢火蟲,2012-07-30,
9789865941093,阿吉的願望,王文華,小螢火蟲,2012-07-01,
9789866855979,魯賓遜漂流記－小學生世界兒童文學經典文庫19,笛福、風車編輯群,風車圖書出版有限公司,2008-06-01,
9789866039805,快樂點心人：甜蜜蜜,Not Found,Not Found,Not Found,
9789862113400,南瓜弟弟 忘東西,高山榮子,周姚萍,小魯,
9789573231349,蚱蜢旅遊記,阿諾、羅北兒,楊茂秀,遠流出版事業股份有限公司,
9789864799015,神奇酷科學16：穿越萬物的時間（2020新版）,尼克．阿諾,陳偉民,小天下,
9789862415528,君偉上小學：一年級鮮事多,王淑芬,親子天下（親子教養童書）,2012-07-03,
9789576496417,Not Found,Not Found,Not Found,Not Found,
9789862117088,小J的聰明藥（二版）,林滿秋,小魯,2017-06-01,
9789577625366,Not Found,Not Found,Not Found,Not Found,
9789869366854,妖怪醫院（3）：校園妖怪大作戰,富安陽子,游韻馨,親子天下（親子教養童書）,
9789862116555,一年一班，天兵天將！（二版）,李光福,小魯,2016-10-01,
9789862412909,怪傑佐羅力（5）：媽媽我愛你,原裕,周姚萍,親子天下（親子教養童書）,
9786263053595,達克比辦案12：雨林縱火犯,胡妙芬,親子天下（親子教養童書）,2022-11-24,
9789575214562,口袋神探1：音樂教室的神祕琴聲,凱叔,東雨文化,2021-03-10,
9789864911578,Not Found,Not Found,Not Found,Not Found,
9789864911608,Not Found,Not Found,Not Found,Not Found,
9789864911592,Not Found,Not Found,Not Found,Not Found,
9789864911677,Not Found,Not Found,Not Found,Not Found,
9789864911660,Not Found,Not Found,Not Found,Not Found,
9789864911653,Not Found,Not Found,Not Found,Not Found,
9789864911646,Not Found,Not Found,Not Found,Not Found,
9789864911639,Not Found,Not Found,Not Found,Not Found,
9789864911622,Not Found,Not Found,Not Found,Not Found,
9789865079062,操場底下的100層樓學校（3）：人偶的祕密日記本,崔銀玉,賴毓棻,采實文化事業股份有限公司,
9789573292937,哆啦A夢知識大探索（3）：天然災害防護罩,藤子．F．不二雄,游韻馨,遠流出版事業股份有限公司,
9789862412930,怪傑佐羅力（8）：恐怖遊樂園,原裕,周姚萍,親子天下（親子教養童書）,
9789575034535,達克比辦案7：末日恐龍王,胡妙芬,親子天下（親子教養童書）,2019-07-31,
9789575214883,口袋神探3黑雨衣大盜的陰謀﹝中高年級讀本﹞,凱叔,東雨文化,2021-06-29,
9789864911684,Not Found,Not Found,Not Found,Not Found,
9789864911615,Not Found,Not Found,Not Found,Not Found,
9789571150550,成語．趣味．知識：小學生成語故事,五南圖書出版股份有限公司,2008-12-26,繁體書,
9789575035716,達克比辦案8：驚魂奧運會,胡妙芬,親子天下（親子教養童書）,2020-03-31,
9789864911585,Not Found,Not Found,Not Found,Not Found,
9789573336396,哈利波特(4)火盃的考驗【繁體中文版20週年紀念】,J.K.羅琳,皇冠文化出版有限公司,2021-03-02,
9789869706919,讓思考變得可見,榮．理查特、馬克．邱奇、凱琳．莫莉森,伍晴文,大家出版,
9786267399026,屁屁丹迪01：寶藏就交給我吧! (電子書),Troll (???),張東君,小光點,
9789866544941,愛喝飲料的拉拉薩國,欣欣,小兵出版社有限公司,2012-01-16,
9786267199428,圍棋精選題庫4【金石堂、博客來熱銷】,聶衛平、黃希文,達觀出版事業有限公司,2022-10-10,
9789869769327,圍棋自學手冊：攻防篇【金石堂、博客來熱銷】,丁開明,達觀出版事業有限公司,2019-08-01,
9789861519234,王文華說節日童話：阿嗚國王的遊樂園,王文華,康軒文教事業股份有限公司,2016-12-09,
9786263054554,怪奇漢方桃印3：木偶娃娃心丹大反撲,廣?玲子,王蘊潔,親子天下（親子教養童書）,
9789869498326,海愛牛社區（1）：歡迎光臨海愛牛（新版）,王文華,親子天下（親子教養童書）,2017-07-07,
9789861610566,娃娃屋裡的小女孩,管家琪、孫慧榆,信誼基金出版社,2005-08-10,
9789866039775,快樂點心人：喜歡你,鄭宗弦,四也出版公司,2016-01-10,
9789865941130,石頭魚樂園,王文華,小螢火蟲,2012-07-01,
9789864178506,神奇樹屋（19）：印度叢林大逃亡,瑪麗•波•奧斯本,小天下,2007-02-27,
9789573312253,全新吳姐姐講歷史故事15--注音版,吳涵碧,N/A,2005-05-02,
9789866544408,我不要,可可亞,小兵出版,2010-12-01,
9789867014368,湯姆•索亞歷險記－小學生世界兒童文學經典文庫16,馬克.吐溫,風車圖書出版有限公司,2007-08-01,
9789867014337,昆蟲記－小學生世界兒童文學經典文庫21,法布爾,風車圖書出版有限公司,2007-08-01,
9789866039706,最後一名土地公（二版）,許榮哲,四也文化出版有限公司,2015-12-01,
9786269637393,卡牌寫作：一學就上手的遊戲化寫作教學【金石堂、博客來熱銷】,陳志洪,聚光文創,2023-08-01,
9789575709167,金色的小鳥,阿萬紀美子,小路,台灣東方出版社股份有限公司,
9789575707828,最後的魔法,中島和子,林文茜,台灣東方出版社股份有限公司,
9789577622433,青蛙和蟾蜍－快樂時光,艾諾．洛貝爾,信誼基金出版社,2001-06-01,
9789577622457,青蛙和蟾蜍－好伙伴,艾諾．洛貝爾,信誼基金出版社,2001-06-01,
9789577625342,Not Found,Not Found,Not Found,Not Found,
9789575709402,灰狼有用商店,中島和子,小路,台灣東方出版社股份有限公司,
9789862230145,吹牛大王歷險記-小學生世界兒童文學經典文庫24,風車編輯群,Not Found,風車圖書出版有限公司,
9789866601293,露露和菈菈（5）：露露菈菈的魔法巧克力（新版）,安晝安子,蕘合,東雨文化,
9789865863593,小熊威力：小熊威力和他的朋友,安石榴,小熊出版,2015-04-29,
9789577625359,Not Found,Not Found,Not Found,Not Found,
9789575709143,鯨老師的信,岩佐惠,小路,台灣東方出版社股份有限公司,
9789575708412,黃色水桶,森山京,陳珊珊,台灣東方出版社股份有限公司,
9789865941062,狒狒的面具店,王文華,小螢火蟲,2012-06-01,
9789866215124,自由，是什麼呢？,奧斯卡．柏尼菲,陳妍如,米奇巴克有限公司,
9789864492039,少年偵探法律事件簿（2）：一罪不二審,維姬．葛朗特,柯清心,幼獅文化事業股份有限公司,
9789864491438,皇上有令：30位帝王點點名,2019-04-01,Not Found,Not Found,
9789863448990,銅山國王（國際安徒生大獎提名作家．荷蘭金筆獎代表作）,保羅．比格爾,賴雅靜,小麥田,
9789577627438,1度C究竟有多熱？關於溫室效應帶來的氣候危機,克莉絲汀．沙瑪赫—史萊柏,賴雅靜,上誼文化,
9789864174980,神奇樹屋（1）：恐龍谷大冒險,瑪麗．波．奧斯本,周思芸,小天下,
9789865505523,戰火下的小花 【圖像小說∥臺灣獨家封面版】,原作者：黛博拉．艾里斯、改編者：諾拉．托美,李靜宜,字畝文化,
9786263051911,字的傳奇3：搶救倉頡爺爺,林世仁,親子天下（親子教養童書）,2022-05-31,
9789579529938,救命英雄：12位緊急救援工作者的一天,水滴文化,2022-01-04,Not Found,
9789864403035,學校沒有教的公民課－與世界接軌．認識權力,2020-01-01,Not Found,Not Found,
9789570855043,聯合國都在做什麼？,康昌勳,蕭素菁,聯經出版事業股份有限公司,
9789570855050,不可不知的國際條約：了解後就能秒懂國際新聞,金香錦,蕭素菁,聯經出版事業股份有限公司,
